ExchangeSegment,ExchangeInstrumentID,InstrumentType,Name,Description,Series,NameWithSeries,InstrumentID,PriceBandHigh,PriceBandLow,FreezeQty,TickSize,LotSize,Multiplier,UnderlyingInstrumentId,UnderlyingIndexName,ContractExpiration,StrikePrice,OptionType,displayName,PriceNumerator,PriceDenominator,FullDescription
NSECO,7,16,DEGUMSYOIL,DEGUMSYOIL-UNDCOM,UNDCOM,DEGUMSYOIL-UNDCOM,4100100000007,1045,855,0,0.1,1,1,-1,,,0,0,DEGUMSYOIL,1,1,CRUDEDEGUMSOYBEANOIL
NSECO,12,16,11NSETEST,11NSETEST-UNDCOM,UNDCOM,11NSETEST-UNDCOM,4100100000012,1100,900,0,1,1,1,-1,,,0,0,11NSETEST,1,1,11NSETEST
NSECO,21,16,ALUMINI,ALUMINI-UNDCOM,UNDCOM,ALUMINI-UNDCOM,4100100000021,227.35,186,0,0.05,1,1,-1,,,0,0,ALUMINI,1,1,ALUMINIUMMINIFUTURES
NSECO,11,16,WTICRUDE,WTICRUDE-UNDCOM,UNDCOM,WTICRUDE-UNDCOM,4100100000011,6396,5233,0,1,1,1,-1,,,0,0,WTICRUDE,1,1,WTICRUDEOIL
NSECO,3,16,SILVER,SILVER-UNDCOM,UNDCOM,SILVER-UNDCOM,4100100000003,41349,33831,0,1,1,1,-1,,,0,0,SILVER,1,1,SILVER
NSECO,25,16,NICKEL,NICKEL-UNDCOM,UNDCOM,NICKEL-UNDCOM,4100100000025,1745.6,1428.3,0,0.1,1,1,-1,,,0,0,NICKEL,1,1,NICKELFUTURES
NSECO,5,16,BRCRUDEM,BRCRUDEM-UNDCOM,UNDCOM,BRCRUDEM-UNDCOM,4100100000005,4503,3684,0,1,1,1,-1,,,0,0,BRCRUDEM,1,1,BRENTCRUDEOILMINI
NSECO,29,16,ZINCMINI,ZINCMINI-UNDCOM,UNDCOM,ZINCMINI-UNDCOM,4100100000029,246.7,201.85,0,0.05,1,1,-1,,,0,0,ZINCMINI,1,1,ZINCMINIFUTURES
NSECO,30,16,LEADMINI,LEADMINI-UNDCOM,UNDCOM,LEADMINI-UNDCOM,4100100000030,208.85,170.9,0,0.05,1,1,-1,,,0,0,LEADMINI,1,1,LEADMINIFUTURES
NSECO,19,16,ALUMINIUM,ALUMINIUM-UNDCOM,UNDCOM,ALUMINIUM-UNDCOM,4100100000019,227.35,186,0,0.05,1,1,-1,,,0,0,ALUMINIUM,1,1,ALUMINIUMFUTURES
NSECO,10,16,SILVERM,SILVERM-UNDCOM,UNDCOM,SILVERM-UNDCOM,4100100000010,76170,62321,0,1,1,1,-1,,,0,0,SILVERM,1,1,SILVERMINI
NSECO,2,16,GOLDM,GOLDM-UNDCOM,UNDCOM,GOLDM-UNDCOM,4100100000002,33641,27524,0,1,1,1,-1,,,0,0,GOLDM,1,1,GOLDMINI
NSECO,23,16,LEAD,LEAD-UNDCOM,UNDCOM,LEAD-UNDCOM,4100100000023,208.85,170.9,0,0.05,1,1,-1,,,0,0,LEAD,1,1,LEADFUTURES
NSECO,14,16,NATURALGAS,NATURALGAS-UNDCOM,UNDCOM,NATURALGAS-UNDCOM,4100100000014,197.7,161.8,0,0.1,1,1,-1,,,0,0,NATURALGAS,1,1,NATURALGASHENRYHUB
NSECO,9,16,GOLD1G,GOLD1G-UNDCOM,UNDCOM,GOLD1G-UNDCOM,4100100000009,5374,4397,0,1,1,1,-1,,,0,0,GOLD1G,1,1,GOLD1GM
NSECO,27,16,ZINC,ZINC-UNDCOM,UNDCOM,ZINC-UNDCOM,4100100000027,246.7,201.85,0,0.05,1,1,-1,,,0,0,ZINC,1,1,ZINCFUTURES
NSECO,8,16,COPPER,COPPER-UNDCOM,UNDCOM,COPPER-UNDCOM,4100100000008,720.5,589.5,0,0.05,1,1,-1,,,0,0,COPPER,1,1,COPPER
NSECO,13,16,SILVERMIC,SILVERMIC-UNDCOM,UNDCOM,SILVERMIC-UNDCOM,4100100000013,76170,62321,0,1,1,1,-1,,,0,0,SILVERMIC,1,1,SILVERMICRO
NSECO,1,16,GOLD,GOLD-UNDCOM,UNDCOM,GOLD-UNDCOM,4100100000001,33641,27524,0,1,1,1,-1,,,0,0,GOLD,1,1,GOLD
NSECO,4,16,BRCRUDE,BRCRUDE-UNDCOM,UNDCOM,BRCRUDE-UNDCOM,4100100000004,4503,3684,0,1,1,1,-1,,,0,0,BRCRUDE,1,1,BRENTCRUDEOIL
NSECO,15,16,WTICRUDEM,WTICRUDEM-UNDCOM,UNDCOM,WTICRUDEM-UNDCOM,4100100000015,7873,6442,0,1,1,1,-1,,,0,0,WTICRUDEM,1,1,WTICRUDEOILMINI
NSECO,18,16,GOLDGUINEA,GOLDGUINEA-UNDCOM,UNDCOM,GOLDGUINEA-UNDCOM,4100100000018,51344,42009,0,1,1,1,-1,,,0,0,GOLDGUINEA,1,1,GOLDGUINEA8GM
NSECO,6,16,XAUGOLD,XAUGOLD-UNDCOM,UNDCOM,XAUGOLD-UNDCOM,4100100000006,51070,41785,0,1,1,1,-1,,,0,0,XAUGOLD,1,1,XAUGOLD
NSECO,16,16,NATGASMINI,NATGASMINI-UNDCOM,UNDCOM,NATGASMINI-UNDCOM,4100100000016,309.8,253.5,0,0.1,1,1,-1,,,0,0,NATGASMINI,1,1,NATURALGASMINI
NSECO,122970,1,ALUMINI,ALUMINI24JANFUT,FUTBAS,ALUMINI-FUTBAS,4403100122970,214.3,190.1,151,0.05,1,1000,4100100000021,,2024-01-31T14:30:00,0,0,ALUMINI 31JAN2024,1,1,ALUMINI24JANFUT
NSECO,121909,1,WTICRUDE,WTICRUDE23DECFUT,FUTENR,WTICRUDE-FUTENR,4335200121909,6296,5584,101,1,1,100,4100100000011,,2023-12-18T14:30:00,0,0,WTICRUDE 18DEC2023,1,1,WTICRUDE23DECFUT
NSECO,122978,1,LEAD,LEAD24JANFUT,FUTBAS,LEAD-FUTBAS,4403100122978,209.5,185.8,21,0.05,1,5000,4100100000023,,2024-01-31T14:30:00,0,0,LEAD 31JAN2024,1,1,LEAD24JANFUT
NSECO,122998,1,GOLDGUINEA,GOLDGUINEA24JANFUT,FUTBLN,GOLDGUINEA-FUTBLN,4403100122998,53351,47313,1251,1,1,1,4100100000018,,2024-01-31T14:30:00,0,0,GOLDGUINEA 31JAN2024,1,1,GOLDGUINEA24JANFUT
NSECO,123149,1,LEADMINI,LEADMINI24APRFUT,FUTBAS,LEADMINI-FUTBAS,4412100123149,213.3,189.2,101,0.05,1,1000,4100100000030,,2024-04-30T14:30:00,0,0,LEADMINI 30APR2024,1,1,LEADMINI24APRFUT
NSECO,1166,1,SILVER,SILVER24MARFUT,FUTBLN,SILVER-FUTBLN,4406500001166,79983,70929,21,1,1,30,4100100000003,,2024-03-05T14:30:00,0,0,SILVER 05MAR2024,1,1,SILVER24MARFUT
NSECO,122969,1,ALUMINI,ALUMINI23DECFUT,FUTBAS,ALUMINI-FUTBAS,4336300122969,212.95,188.85,151,0.05,1,1000,4100100000021,,2023-12-29T14:30:00,0,0,ALUMINI 29DEC2023,1,1,ALUMINI23DECFUT
NSECO,122494,1,NATURALGAS,NATURALGAS24JANFUT,FUTENR,NATURALGAS-FUTENR,4402500122494,228.9,203.1,49,0.1,1,1250,4100100000014,,2024-01-25T14:30:00,0,0,NATURALGAS 25JAN2024,1,1,NATURALGAS24JANFUT
NSECO,124625,1,GOLDGUINEA,GOLDGUINEA24FEBFUT,FUTBLN,GOLDGUINEA-FUTBLN,4406000124625,53672,47596,1251,1,1,1,4100100000018,,2024-02-29T14:30:00,0,0,GOLDGUINEA 29FEB2024,1,1,GOLDGUINEA24FEBFUT
NSECO,124621,1,LEADMINI,LEADMINI24MARFUT,FUTBAS,LEADMINI-FUTBAS,4408900124621,212,188,101,0.05,1,1000,4100100000030,,2024-03-29T14:30:00,0,0,LEADMINI 29MAR2024,1,1,LEADMINI24MARFUT
NSECO,122963,1,WTICRUDEM,WTICRUDEM23DECFUT,FUTENR,WTICRUDEM-FUTENR,4335200122963,6408,5684,1001,1,1,10,4100100000015,,2023-12-18T14:30:00,0,0,WTICRUDEM 18DEC2023,1,1,WTICRUDEM23DECFUT
NSECO,122455,1,GOLD1G,GOLD1G24FEBFUT,FUTBLN,GOLD1G-FUTBLN,4403600122455,6676,5922,10001,1,1,1,4100100000009,,2024-02-05T14:30:00,0,0,GOLD1G 05FEB2024,1,1,GOLD1G24FEBFUT
NSECO,123146,1,ALUMINIUM,ALUMINIUM24APRFUT,FUTBAS,ALUMINIUM-FUTBAS,4412100123146,218.25,193.55,31,0.05,1,5000,4100100000019,,2024-04-30T14:30:00,0,0,ALUMINIUM 30APR2024,1,1,ALUMINIUM24APRFUT
NSECO,123152,1,ZINCMINI,ZINCMINI24APRFUT,FUTBAS,ZINCMINI-FUTBAS,4412100123152,243.6,216.1,101,0.05,1,1000,4100100000029,,2024-04-30T14:30:00,0,0,ZINCMINI 30APR2024,1,1,ZINCMINI24APRFUT
NSECO,124622,1,NICKEL,NICKEL24MARFUT,FUTBAS,NICKEL-FUTBAS,4408900124622,1550.4,1375,17,0.1,1,1500,4100100000025,,2024-03-29T14:30:00,0,0,NICKEL 29MAR2024,1,1,NICKEL24MARFUT
NSECO,121713,1,COPPER,COPPER23DECFUT,FUTBAS,COPPER-FUTBAS,4336300121713,763,676.7,71,0.05,1,2500,4100100000008,,2023-12-29T14:30:00,0,0,COPPER 29DEC2023,1,1,COPPER23DECFUT
NSECO,122990,1,ZINC,ZINC24JANFUT,FUTBAS,ZINC-FUTBAS,4403100122990,239.2,212.2,21,0.05,1,5000,4100100000027,,2024-01-31T14:30:00,0,0,ZINC 31JAN2024,1,1,ZINC24JANFUT
NSECO,122030,1,BRCRUDE,BRCRUDE24JANFUT,FUTENR,BRCRUDE-FUTENR,4403100122030,6833,6061,101,1,1,100,4100100000004,,2024-01-31T14:30:00,0,0,BRCRUDE 31JAN2024,1,1,BRCRUDE24JANFUT
NSECO,123151,1,ZINC,ZINC24APRFUT,FUTBAS,ZINC-FUTBAS,4412100123151,243.6,216.1,21,0.05,1,5000,4100100000027,,2024-04-30T14:30:00,0,0,ZINC 30APR2024,1,1,ZINC24APRFUT
NSECO,122974,1,ALUMINIUM,ALUMINIUM24JANFUT,FUTBAS,ALUMINIUM-FUTBAS,4403100122974,214.3,190.1,31,0.05,1,5000,4100100000019,,2024-01-31T14:30:00,0,0,ALUMINIUM 31JAN2024,1,1,ALUMINIUM24JANFUT
NSECO,121698,1,WTICRUDE,WTICRUDE24FEBFUT,FUTENR,WTICRUDE-FUTENR,4404700121698,6240,5534,101,1,1,100,4100100000011,,2024-02-16T14:30:00,0,0,WTICRUDE 16FEB2024,1,1,WTICRUDE24FEBFUT
NSECO,122973,1,ALUMINIUM,ALUMINIUM23DECFUT,FUTBAS,ALUMINIUM-FUTBAS,4336300122973,212.95,188.85,31,0.05,1,5000,4100100000019,,2023-12-29T14:30:00,0,0,ALUMINIUM 29DEC2023,1,1,ALUMINIUM23DECFUT
NSECO,122966,1,WTICRUDEM,WTICRUDEM24MARFUT,FUTENR,WTICRUDEM-FUTENR,4407900122966,6526,5788,1001,1,1,10,4100100000015,,2024-03-19T14:30:00,0,0,WTICRUDEM 19MAR2024,1,1,WTICRUDEM24MARFUT
NSECO,121615,1,WTICRUDE,WTICRUDE24APRFUT,FUTENR,WTICRUDE-FUTENR,4411000121615,6318,5604,101,1,1,100,4100100000011,,2024-04-19T14:30:00,0,0,WTICRUDE 19APR2024,1,1,WTICRUDE24APRFUT
NSECO,124619,1,COPPER,COPPER24MARFUT,FUTBAS,COPPER-FUTBAS,4408900124619,776.95,689.05,71,0.05,1,2500,4100100000008,,2024-03-29T14:30:00,0,0,COPPER 29MAR2024,1,1,COPPER24MARFUT
NSECO,121836,1,WTICRUDE,WTICRUDE24MARFUT,FUTENR,WTICRUDE-FUTENR,4407900121836,6279,5569,101,1,1,100,4100100000011,,2024-03-19T14:30:00,0,0,WTICRUDE 19MAR2024,1,1,WTICRUDE24MARFUT
NSECO,122967,1,WTICRUDEM,WTICRUDEM24APRFUT,FUTENR,WTICRUDEM-FUTENR,4411000122967,6566,5824,1001,1,1,10,4100100000015,,2024-04-19T14:30:00,0,0,WTICRUDEM 19APR2024,1,1,WTICRUDEM24APRFUT
NSECO,1142,1,SILVER,SILVER24MAYFUT,FUTBLN,SILVER-FUTBLN,4412400001142,80924,71764,21,1,1,30,4100100000003,,2024-05-03T14:30:00,0,0,SILVER 03MAY2024,1,1,SILVER24MAYFUT
NSECO,122993,1,ZINCMINI,ZINCMINI23DECFUT,FUTBAS,ZINCMINI-FUTBAS,4336300122993,237.7,210.8,101,0.05,1,1000,4100100000029,,2023-12-29T14:30:00,0,0,ZINCMINI 29DEC2023,1,1,ZINCMINI23DECFUT
NSECO,124993,1,GOLD,GOLD24DECFUT,FUTBLN,GOLD-FUTBLN,4434000124993,70638,62642,11,1,1,100,4100100000001,,2024-12-05T14:30:00,0,0,GOLD 05DEC2024,1,1,GOLD24DECFUT
NSECO,121805,1,GOLD,GOLD24JUNFUT,FUTBLN,GOLD-FUTBLN,4415700121805,68119,60409,11,1,1,100,4100100000001,,2024-06-05T14:30:00,0,0,GOLD 05JUN2024,1,1,GOLD24JUNFUT
NSECO,121765,1,COPPER,COPPER24FEBFUT,FUTBAS,COPPER-FUTBAS,4406000121765,772.5,685.1,71,0.05,1,2500,4100100000008,,2024-02-29T14:30:00,0,0,COPPER 29FEB2024,1,1,COPPER24FEBFUT
NSECO,121843,1,WTICRUDEM,WTICRUDEM24MAYFUT,FUTENR,WTICRUDEM-FUTENR,4414100121843,6606,5860,1001,1,1,10,4100100000015,,2024-05-20T14:30:00,0,0,WTICRUDEM 20MAY2024,1,1,WTICRUDEM24MAYFUT
NSECO,122986,1,NICKEL,NICKEL24JANFUT,FUTBAS,NICKEL-FUTBAS,4403100122986,1532.3,1358.9,17,0.1,1,1500,4100100000025,,2024-01-31T14:30:00,0,0,NICKEL 31JAN2024,1,1,NICKEL24JANFUT
NSECO,122241,1,GOLD,GOLD24AUGFUT,FUTBLN,GOLD-FUTBLN,4421800122241,68948,61144,11,1,1,100,4100100000001,,2024-08-05T14:30:00,0,0,GOLD 05AUG2024,1,1,GOLD24AUGFUT
NSECO,121662,1,GOLD1G,GOLD1G24JANFUT,FUTBLN,GOLD1G-FUTBLN,4400500121662,6635,5885,10001,1,1,1,4100100000009,,2024-01-05T14:30:00,0,0,GOLD1G 05JAN2024,1,1,GOLD1G24JANFUT
NSECO,124617,1,ALUMINI,ALUMINI24MARFUT,FUTBAS,ALUMINI-FUTBAS,4408900124617,216.85,192.35,151,0.05,1,1000,4100100000021,,2024-03-29T14:30:00,0,0,ALUMINI 29MAR2024,1,1,ALUMINI24MARFUT
NSECO,122995,1,ZINCMINI,ZINCMINI24FEBFUT,FUTBAS,ZINCMINI-FUTBAS,4406000122995,240.65,213.45,101,0.05,1,1000,4100100000029,,2024-02-29T14:30:00,0,0,ZINCMINI 29FEB2024,1,1,ZINCMINI24FEBFUT
NSECO,123150,1,NICKEL,NICKEL24APRFUT,FUTBAS,NICKEL-FUTBAS,4412100123150,1560.3,1383.7,17,0.1,1,1500,4100100000025,,2024-04-30T14:30:00,0,0,NICKEL 30APR2024,1,1,NICKEL24APRFUT
NSECO,121743,1,NATURALGAS,NATURALGAS23DECFUT,FUTENR,NATURALGAS-FUTENR,4336000121743,226.7,201.1,49,0.1,1,1250,4100100000014,,2023-12-26T14:30:00,0,0,NATURALGAS 26DEC2023,1,1,NATURALGAS23DECFUT
NSECO,122953,1,SILVERMIC,SILVERMIC24NOVFUT,FUTBLN,SILVERMIC-FUTBLN,4433400122953,84366,74816,601,1,1,1,4100100000013,,2024-11-29T14:30:00,0,0,SILVERMIC 29NOV2024,1,1,SILVERMIC24NOVFUT
NSECO,122991,1,ZINC,ZINC24FEBFUT,FUTBAS,ZINC-FUTBAS,4406000122991,240.65,213.45,21,0.05,1,5000,4100100000027,,2024-02-29T14:30:00,0,0,ZINC 29FEB2024,1,1,ZINC24FEBFUT
NSECO,122945,1,SILVERM,SILVERM24JUNFUT,FUTBLN,SILVERM-FUTBLN,4418000122945,81828,72566,121,1,1,5,4100100000010,,2024-06-28T14:30:00,0,0,SILVERM 28JUN2024,1,1,SILVERM24JUNFUT
NSECO,121640,1,COPPER,COPPER24JANFUT,FUTBAS,COPPER-FUTBAS,4403100121640,767.9,681,71,0.05,1,2500,4100100000008,,2024-01-31T14:30:00,0,0,COPPER 31JAN2024,1,1,COPPER24JANFUT
NSECO,121766,1,BRCRUDE,BRCRUDE24APRFUT,FUTENR,BRCRUDE-FUTENR,4412100121766,6958,6172,101,1,1,100,4100100000004,,2024-04-30T14:30:00,0,0,BRCRUDE 30APR2024,1,1,BRCRUDE24APRFUT
NSECO,124995,1,GOLDM,GOLDM24MARFUT,FUTBLN,GOLDM-FUTBLN,4406500124995,67071,59479,101,1,1,10,4100100000002,,2024-03-05T14:30:00,0,0,GOLDM 05MAR2024,1,1,GOLDM24MARFUT
NSECO,124994,1,GOLD1G,GOLD1G24APRFUT,FUTBLN,GOLD1G-FUTBLN,4409600124994,6757,5993,10001,1,1,1,4100100000009,,2024-04-05T14:30:00,0,0,GOLD1G 05APR2024,1,1,GOLD1G24APRFUT
NSECO,122047,1,SILVER,SILVER24JULFUT,FUTBLN,SILVER-FUTBLN,4418700122047,81942,72666,21,1,1,30,4100100000003,,2024-07-05T14:30:00,0,0,SILVER 05JUL2024,1,1,SILVER24JULFUT
NSECO,122981,1,LEADMINI,LEADMINI23DECFUT,FUTBAS,LEADMINI-FUTBAS,4336300122981,208.15,184.65,101,0.05,1,1000,4100100000030,,2023-12-29T14:30:00,0,0,LEADMINI 29DEC2023,1,1,LEADMINI23DECFUT
NSECO,122952,1,SILVERMIC,SILVERMIC24AUGFUT,FUTBLN,SILVERMIC-FUTBLN,4424300122952,82857,73477,601,1,1,1,4100100000013,,2024-08-30T14:30:00,0,0,SILVERMIC 30AUG2024,1,1,SILVERMIC24AUGFUT
NSECO,122951,1,SILVERMIC,SILVERMIC24JUNFUT,FUTBLN,SILVERMIC-FUTBLN,4418000122951,81828,72566,601,1,1,1,4100100000013,,2024-06-28T14:30:00,0,0,SILVERMIC 28JUN2024,1,1,SILVERMIC24JUNFUT
NSECO,124623,1,ZINC,ZINC24MARFUT,FUTBAS,ZINC-FUTBAS,4408900124623,242.1,214.7,21,0.05,1,5000,4100100000027,,2024-03-29T14:30:00,0,0,ZINC 29MAR2024,1,1,ZINC24MARFUT
NSECO,122977,1,LEAD,LEAD23DECFUT,FUTBAS,LEAD-FUTBAS,4336300122977,208.15,184.65,21,0.05,1,5000,4100100000023,,2023-12-29T14:30:00,0,0,LEAD 29DEC2023,1,1,LEAD23DECFUT
NSECO,124618,1,ALUMINIUM,ALUMINIUM24MARFUT,FUTBAS,ALUMINIUM-FUTBAS,4408900124618,216.85,192.35,31,0.05,1,5000,4100100000019,,2024-03-29T14:30:00,0,0,ALUMINIUM 29MAR2024,1,1,ALUMINIUM24MARFUT
NSECO,123145,1,ALUMINI,ALUMINI24APRFUT,FUTBAS,ALUMINI-FUTBAS,4412100123145,218.25,193.55,151,0.05,1,1000,4100100000021,,2024-04-30T14:30:00,0,0,ALUMINI 30APR2024,1,1,ALUMINI24APRFUT
NSECO,122943,1,SILVERM,SILVERM24FEBFUT,FUTBLN,SILVERM-FUTBLN,4406000122943,79903,70859,121,1,1,5,4100100000010,,2024-02-29T14:30:00,0,0,SILVERM 29FEB2024,1,1,SILVERM24FEBFUT
NSECO,122949,1,SILVERMIC,SILVERMIC24FEBFUT,FUTBLN,SILVERMIC-FUTBLN,4406000122949,79903,70859,601,1,1,1,4100100000013,,2024-02-29T14:30:00,0,0,SILVERMIC 29FEB2024,1,1,SILVERMIC24FEBFUT
NSECO,121641,1,BRCRUDE,BRCRUDE24MARFUT,FUTENR,BRCRUDE-FUTENR,4408900121641,6914,6132,101,1,1,100,4100100000004,,2024-03-29T14:30:00,0,0,BRCRUDE 29MAR2024,1,1,BRCRUDE24MARFUT
NSECO,123148,1,LEAD,LEAD24APRFUT,FUTBAS,LEAD-FUTBAS,4412100123148,213.3,189.2,21,0.05,1,5000,4100100000023,,2024-04-30T14:30:00,0,0,LEAD 30APR2024,1,1,LEAD24APRFUT
NSECO,122456,1,GOLD,GOLD24OCTFUT,FUTBLN,GOLD-FUTBLN,4427800122456,69774,61876,11,1,1,100,4100100000001,,2024-10-04T14:30:00,0,0,GOLD 04OCT2024,1,1,GOLD24OCTFUT
NSECO,122985,1,NICKEL,NICKEL23DECFUT,FUTBAS,NICKEL-FUTBAS,4336300122985,1522.5,1350.3,17,0.1,1,1500,4100100000025,,2023-12-29T14:30:00,0,0,NICKEL 29DEC2023,1,1,NICKEL23DECFUT
NSECO,123147,1,COPPER,COPPER24APRFUT,FUTBAS,COPPER-FUTBAS,4412100123147,781.95,693.45,71,0.05,1,2500,4100100000008,,2024-04-30T14:30:00,0,0,COPPER 30APR2024,1,1,COPPER24APRFUT
NSECO,122174,1,WTICRUDE,WTICRUDE24JANFUT,FUTENR,WTICRUDE-FUTENR,4401900122174,6204,5502,101,1,1,100,4100100000011,,2024-01-19T14:30:00,0,0,WTICRUDE 19JAN2024,1,1,WTICRUDE24JANFUT
NSECO,122947,1,SILVERM,SILVERM24NOVFUT,FUTBLN,SILVERM-FUTBLN,4433400122947,84366,74816,121,1,1,5,4100100000010,,2024-11-29T14:30:00,0,0,SILVERM 29NOV2024,1,1,SILVERM24NOVFUT
NSECO,122987,1,NICKEL,NICKEL24FEBFUT,FUTBAS,NICKEL-FUTBAS,4406000122987,1541.5,1367.1,17,0.1,1,1500,4100100000025,,2024-02-29T14:30:00,0,0,NICKEL 29FEB2024,1,1,NICKEL24FEBFUT
NSECO,1291,1,11NSETEST,11NSETEST05DEC2036,FUTBLN,11NSETEST-FUTBLN,4634000001291,1100,900,101,1,1,10,4100100000012,,2036-12-05T14:30:00,0,0,11NSETEST 05DEC2036,1,1,11NSETEST05DEC2036
NSECO,124996,1,SILVER,SILVER24DECFUT,FUTBLN,SILVER-FUTBLN,4434000124996,84467,74905,21,1,1,30,4100100000003,,2024-12-05T14:30:00,0,0,SILVER 05DEC2024,1,1,SILVER24DECFUT
NSECO,123153,1,GOLDGUINEA,GOLDGUINEA24MARFUT,FUTBLN,GOLDGUINEA-FUTBLN,4408900123153,53981,47871,1251,1,1,1,4100100000018,,2024-03-29T14:30:00,0,0,GOLDGUINEA 29MAR2024,1,1,GOLDGUINEA24MARFUT
NSECO,122971,1,ALUMINI,ALUMINI24FEBFUT,FUTBAS,ALUMINI-FUTBAS,4406000122971,215.6,191.2,151,0.05,1,1000,4100100000021,,2024-02-29T14:30:00,0,0,ALUMINI 29FEB2024,1,1,ALUMINI24FEBFUT
NSECO,122961,1,NATGASMINI,NATGASMINI24APRFUT,FUTENR,NATGASMINI-FUTENR,4411600122961,246.3,218.5,241,0.1,1,250,4100100000016,,2024-04-25T14:30:00,0,0,NATGASMINI 25APR2024,1,1,NATGASMINI24APRFUT
NSECO,121676,1,SILVER,SILVER24SEPFUT,FUTBLN,SILVER-FUTBLN,4424900121676,82955,73565,21,1,1,30,4100100000003,,2024-09-05T14:30:00,0,0,SILVER 05SEP2024,1,1,SILVER24SEPFUT
NSECO,122994,1,ZINCMINI,ZINCMINI24JANFUT,FUTBAS,ZINCMINI-FUTBAS,4403100122994,239.2,212.2,101,0.05,1,1000,4100100000029,,2024-01-31T14:30:00,0,0,ZINCMINI 31JAN2024,1,1,ZINCMINI24JANFUT
NSECO,122997,1,GOLDGUINEA,GOLDGUINEA23DECFUT,FUTBLN,GOLDGUINEA-FUTBLN,4336300122997,53010,47010,1251,1,1,1,4100100000018,,2023-12-29T14:30:00,0,0,GOLDGUINEA 29DEC2023,1,1,GOLDGUINEA23DECFUT
NSECO,124624,1,ZINCMINI,ZINCMINI24MARFUT,FUTBAS,ZINCMINI-FUTBAS,4408900124624,242.1,214.7,101,0.05,1,1000,4100100000029,,2024-03-29T14:30:00,0,0,ZINCMINI 29MAR2024,1,1,ZINCMINI24MARFUT
NSECO,122989,1,ZINC,ZINC23DECFUT,FUTBAS,ZINC-FUTBAS,4336300122989,237.7,210.8,21,0.05,1,5000,4100100000027,,2023-12-29T14:30:00,0,0,ZINC 29DEC2023,1,1,ZINC23DECFUT
NSECO,121842,1,WTICRUDE,WTICRUDE24MAYFUT,FUTENR,WTICRUDE-FUTENR,4414100121842,6357,5639,101,1,1,100,4100100000011,,2024-05-20T14:30:00,0,0,WTICRUDE 20MAY2024,1,1,WTICRUDE24MAYFUT
NSECO,122457,1,GOLDM,GOLDM24JANFUT,FUTBLN,GOLDM-FUTBLN,4400500122457,66270,58768,101,1,1,10,4100100000002,,2024-01-05T14:30:00,0,0,GOLDM 05JAN2024,1,1,GOLDM24JANFUT
NSECO,122957,1,NATGASMINI,NATGASMINI23DECFUT,FUTENR,NATGASMINI-FUTENR,4336000122957,240.5,213.3,241,0.1,1,250,4100100000016,,2023-12-26T14:30:00,0,0,NATGASMINI 26DEC2023,1,1,NATGASMINI23DECFUT
NSECO,121714,1,BRCRUDE,BRCRUDE24FEBFUT,FUTENR,BRCRUDE-FUTENR,4406000121714,6875,6097,101,1,1,100,4100100000004,,2024-02-29T14:30:00,0,0,BRCRUDE 29FEB2024,1,1,BRCRUDE24FEBFUT
NSECO,122964,1,WTICRUDEM,WTICRUDEM24JANFUT,FUTENR,WTICRUDEM-FUTENR,4401900122964,6447,5719,1001,1,1,10,4100100000015,,2024-01-19T14:30:00,0,0,WTICRUDEM 19JAN2024,1,1,WTICRUDEM24JANFUT
NSECO,121602,1,NATURALGAS,NATURALGAS24FEBFUT,FUTENR,NATURALGAS-FUTENR,4405700121602,230.4,204.4,49,0.1,1,1250,4100100000014,,2024-02-26T14:30:00,0,0,NATURALGAS 26FEB2024,1,1,NATURALGAS24FEBFUT
NSECO,122946,1,SILVERM,SILVERM24AUGFUT,FUTBLN,SILVERM-FUTBLN,4424300122946,82857,73477,121,1,1,5,4100100000010,,2024-08-30T14:30:00,0,0,SILVERM 30AUG2024,1,1,SILVERM24AUGFUT
NSECO,121791,1,BRCRUDE,BRCRUDE23DECFUT,FUTENR,BRCRUDE-FUTENR,4336200121791,6789,6021,101,1,1,100,4100100000004,,2023-12-28T14:30:00,0,0,BRCRUDE 28DEC2023,1,1,BRCRUDE23DECFUT
NSECO,124626,1,BRCRUDE,BRCRUDE24MAYFUT,FUTENR,BRCRUDE-FUTENR,4415200124626,7001,6209,101,1,1,100,4100100000004,,2024-05-31T14:30:00,0,0,BRCRUDE 31MAY2024,1,1,BRCRUDE24MAYFUT
NSECO,124718,1,GOLD1G,GOLD1G24MARFUT,FUTBLN,GOLD1G-FUTBLN,4406500124718,6716,5956,10001,1,1,1,4100100000009,,2024-03-05T14:30:00,0,0,GOLD1G 05MAR2024,1,1,GOLD1G24MARFUT
NSECO,122959,1,NATGASMINI,NATGASMINI24FEBFUT,FUTENR,NATGASMINI-FUTENR,4405700122959,243.4,216,241,0.1,1,250,4100100000016,,2024-02-26T14:30:00,0,0,NATGASMINI 26FEB2024,1,1,NATGASMINI24FEBFUT
NSECO,124620,1,LEAD,LEAD24MARFUT,FUTBAS,LEAD-FUTBAS,4408900124620,212,188,21,0.05,1,5000,4100100000023,,2024-03-29T14:30:00,0,0,LEAD 29MAR2024,1,1,LEAD24MARFUT
NSECO,124719,1,GOLDM,GOLDM24FEBFUT,FUTBLN,GOLDM-FUTBLN,4403600124719,66686,59138,101,1,1,10,4100100000002,,2024-02-05T14:30:00,0,0,GOLDM 05FEB2024,1,1,GOLDM24FEBFUT
NSECO,122958,1,NATGASMINI,NATGASMINI24JANFUT,FUTENR,NATGASMINI-FUTENR,4402500122958,241.8,214.6,241,0.1,1,250,4100100000016,,2024-01-25T14:30:00,0,0,NATGASMINI 25JAN2024,1,1,NATGASMINI24JANFUT
NSECO,122944,1,SILVERM,SILVERM24APRFUT,FUTBLN,SILVERM-FUTBLN,4412100122944,80875,71721,121,1,1,5,4100100000010,,2024-04-30T14:30:00,0,0,SILVERM 30APR2024,1,1,SILVERM24APRFUT
NSECO,122982,1,LEADMINI,LEADMINI24JANFUT,FUTBAS,LEADMINI-FUTBAS,4403100122982,209.5,185.8,101,0.05,1,1000,4100100000030,,2024-01-31T14:30:00,0,0,LEADMINI 31JAN2024,1,1,LEADMINI24JANFUT
NSECO,122960,1,NATGASMINI,NATGASMINI24MARFUT,FUTENR,NATGASMINI-FUTENR,4408500122960,244.8,217.2,241,0.1,1,250,4100100000016,,2024-03-25T14:30:00,0,0,NATGASMINI 25MAR2024,1,1,NATGASMINI24MARFUT
NSECO,1323,1,GOLD,GOLD24APRFUT,FUTBLN,GOLD-FUTBLN,4409600001323,67300,59682,11,1,1,100,4100100000001,,2024-04-05T14:30:00,0,0,GOLD 05APR2024,1,1,GOLD24APRFUT
NSECO,122975,1,ALUMINIUM,ALUMINIUM24FEBFUT,FUTBAS,ALUMINIUM-FUTBAS,4406000122975,215.6,191.2,31,0.05,1,5000,4100100000019,,2024-02-29T14:30:00,0,0,ALUMINIUM 29FEB2024,1,1,ALUMINIUM24FEBFUT
NSECO,122983,1,LEADMINI,LEADMINI24FEBFUT,FUTBAS,LEADMINI-FUTBAS,4406000122983,210.75,186.95,101,0.05,1,1000,4100100000030,,2024-02-29T14:30:00,0,0,LEADMINI 29FEB2024,1,1,LEADMINI24FEBFUT
NSECO,122979,1,LEAD,LEAD24FEBFUT,FUTBAS,LEAD-FUTBAS,4406000122979,210.75,186.95,21,0.05,1,5000,4100100000023,,2024-02-29T14:30:00,0,0,LEAD 29FEB2024,1,1,LEAD24FEBFUT
NSECO,123154,1,BRCRUDE,BRCRUDE24JUNFUT,FUTENR,BRCRUDE-FUTENR,4418000123154,7040,6244,101,1,1,100,4100100000004,,2024-06-28T14:30:00,0,0,BRCRUDE 28JUN2024,1,1,BRCRUDE24JUNFUT
NSECO,121601,1,NATGASMINI,NATGASMINI24MAYFUT,FUTENR,NATGASMINI-FUTENR,4414900121601,247.9,219.9,241,0.1,1,250,4100100000016,,2024-05-28T14:30:00,0,0,NATGASMINI 28MAY2024,1,1,NATGASMINI24MAYFUT
NSECO,1159,1,GOLD,GOLD24FEBFUT,FUTBLN,GOLD-FUTBLN,4403600001159,66504,58976,11,1,1,100,4100100000001,,2024-02-05T14:30:00,0,0,GOLD 05FEB2024,1,1,GOLD24FEBFUT
NSECO,122965,1,WTICRUDEM,WTICRUDEM24FEBFUT,FUTENR,WTICRUDEM-FUTENR,4404700122965,6485,5751,1001,1,1,10,4100100000015,,2024-02-16T14:30:00,0,0,WTICRUDEM 16FEB2024,1,1,WTICRUDEM24FEBFUT
NSECO,122950,1,SILVERMIC,SILVERMIC24APRFUT,FUTBLN,SILVERMIC-FUTBLN,4412100122950,80875,71721,601,1,1,1,4100100000013,,2024-04-30T14:30:00,0,0,SILVERMIC 30APR2024,1,1,SILVERMIC24APRFUT
NSECO,122426,2,SILVER,SILVER24FEB70000CE,OPTBLN,SILVER-OPTBLN,4405800122426,11566,1371,21,0.5,1,30,4100100000003,,2024-02-27T14:30:00,70000,3,SILVER 27FEB2024 CE 70000,1,1,SILVER24FEB70000CE
NSECO,122084,2,SILVER,SILVER24APR76750PE,OPTBLN,SILVER-OPTBLN,4411700122084,7820.5,1288.5,21,0.5,1,30,4100100000003,,2024-04-26T14:30:00,76750,4,SILVER 26APR2024 PE 76750,1,1,SILVER24APR76750PE
NSECO,122351,2,SILVER,SILVER24FEB74250CE,OPTBLN,SILVER-OPTBLN,4405800122351,7656.5,0.5,21,0.5,1,30,4100100000003,,2024-02-27T14:30:00,74250,3,SILVER 27FEB2024 CE 74250,1,1,SILVER24FEB74250CE
NSECO,122362,2,SILVER,SILVER24FEB75500PE,OPTBLN,SILVER-OPTBLN,4405800122362,6591.5,119.5,21,0.5,1,30,4100100000003,,2024-02-27T14:30:00,75500,4,SILVER 27FEB2024 PE 75500,1,1,SILVER24FEB75500PE
NSECO,122434,2,SILVER,SILVER24FEB66750PE,OPTBLN,SILVER-OPTBLN,4405800122434,1376.5,0.5,21,0.5,1,30,4100100000003,,2024-02-27T14:30:00,66750,4,SILVER 27FEB2024 PE 66750,1,1,SILVER24FEB66750PE
NSECO,122082,2,SILVER,SILVER24APR76500PE,OPTBLN,SILVER-OPTBLN,4411700122082,7628.5,1216.5,21,0.5,1,30,4100100000003,,2024-04-26T14:30:00,76500,4,SILVER 26APR2024 PE 76500,1,1,SILVER24APR76500PE
NSECO,122430,2,SILVER,SILVER24FEB70500CE,OPTBLN,SILVER-OPTBLN,4405800122430,11074,1150,21,0.5,1,30,4100100000003,,2024-02-27T14:30:00,70500,3,SILVER 27FEB2024 CE 70500,1,1,SILVER24FEB70500CE
NSECO,121814,2,SILVER,SILVER24FEB68500CE,OPTBLN,SILVER-OPTBLN,4405800121814,13057,2118,21,0.5,1,30,4100100000003,,2024-02-27T14:30:00,68500,3,SILVER 27FEB2024 CE 68500,1,1,SILVER24FEB68500CE
NSECO,122996,2,SILVER,SILVER24APR79000CE,OPTBLN,SILVER-OPTBLN,4411700122996,6029.5,273.5,21,0.5,1,30,4100100000003,,2024-04-26T14:30:00,79000,3,SILVER 26APR2024 CE 79000,1,1,SILVER24APR79000CE
NSECO,121650,2,SILVER,SILVER24FEB77250CE,OPTBLN,SILVER-OPTBLN,4405800121650,5356,0.5,21,0.5,1,30,4100100000003,,2024-02-27T14:30:00,77250,3,SILVER 27FEB2024 CE 77250,1,1,SILVER24FEB77250CE
NSECO,122088,2,SILVER,SILVER24APR77250PE,OPTBLN,SILVER-OPTBLN,4411700122088,8209.5,1439.5,21,0.5,1,30,4100100000003,,2024-04-26T14:30:00,77250,4,SILVER 26APR2024 PE 77250,1,1,SILVER24APR77250PE
NSECO,121826,2,SILVER,SILVER24FEB68250CE,OPTBLN,SILVER-OPTBLN,4405800121826,13308.5,2256.5,21,0.5,1,30,4100100000003,,2024-02-27T14:30:00,68250,3,SILVER 27FEB2024 CE 68250,1,1,SILVER24FEB68250CE
NSECO,121616,2,SILVER,SILVER24FEB71250CE,OPTBLN,SILVER-OPTBLN,4405800121616,10353.5,851.5,21,0.5,1,30,4100100000003,,2024-02-27T14:30:00,71250,3,SILVER 27FEB2024 CE 71250,1,1,SILVER24FEB71250CE
NSECO,121910,2,SILVER,SILVER24FEB64750PE,OPTBLN,SILVER-OPTBLN,4405800121910,818,0.5,21,0.5,1,30,4100100000003,,2024-02-27T14:30:00,64750,4,SILVER 27FEB2024 PE 64750,1,1,SILVER24FEB64750PE
NSECO,122228,2,SILVER,SILVER24FEB66000PE,OPTBLN,SILVER-OPTBLN,4405800122228,1142.5,0.5,21,0.5,1,30,4100100000003,,2024-02-27T14:30:00,66000,4,SILVER 27FEB2024 PE 66000,1,1,SILVER24FEB66000PE
NSECO,122071,2,SILVER,SILVER24APR75250CE,OPTBLN,SILVER-OPTBLN,4411700122071,8521,991,21,0.5,1,30,4100100000003,,2024-04-26T14:30:00,75250,3,SILVER 26APR2024 CE 75250,1,1,SILVER24APR75250CE
NSECO,122438,2,SILVER,SILVER24FEB67250PE,OPTBLN,SILVER-OPTBLN,4405800122438,1550,0.5,21,0.5,1,30,4100100000003,,2024-02-27T14:30:00,67250,4,SILVER 27FEB2024 PE 67250,1,1,SILVER24FEB67250PE
NSECO,121801,2,SILVER,SILVER24APR77500CE,OPTBLN,SILVER-OPTBLN,4411700121801,6963,508,21,0.5,1,30,4100100000003,,2024-04-26T14:30:00,77500,3,SILVER 26APR2024 CE 77500,1,1,SILVER24APR77500CE
NSECO,121726,2,SILVER,SILVER24FEB73750PE,OPTBLN,SILVER-OPTBLN,4405800121726,5197,0.5,21,0.5,1,30,4100100000003,,2024-02-27T14:30:00,73750,4,SILVER 27FEB2024 PE 73750,1,1,SILVER24FEB73750PE
NSECO,121739,2,SILVER,SILVER24FEB74000CE,OPTBLN,SILVER-OPTBLN,4405800121739,7868,44,21,0.5,1,30,4100100000003,,2024-02-27T14:30:00,74000,3,SILVER 27FEB2024 CE 74000,1,1,SILVER24FEB74000CE
NSECO,121725,2,SILVER,SILVER24FEB73750CE,OPTBLN,SILVER-OPTBLN,4405800121725,8082.5,99.5,21,0.5,1,30,4100100000003,,2024-02-27T14:30:00,73750,3,SILVER 27FEB2024 CE 73750,1,1,SILVER24FEB73750CE
NSECO,122062,2,SILVER,SILVER24APR74000PE,OPTBLN,SILVER-OPTBLN,4411700122062,5830.5,618.5,21,0.5,1,30,4100100000003,,2024-04-26T14:30:00,74000,4,SILVER 26APR2024 PE 74000,1,1,SILVER24APR74000PE
NSECO,122075,2,SILVER,SILVER24APR75750CE,OPTBLN,SILVER-OPTBLN,4411700122075,8158.5,868.5,21,0.5,1,30,4100100000003,,2024-04-26T14:30:00,75750,3,SILVER 26APR2024 CE 75750,1,1,SILVER24APR75750CE
NSECO,121693,2,SILVER,SILVER24FEB72750CE,OPTBLN,SILVER-OPTBLN,4405800121693,8963.5,357.5,21,0.5,1,30,4100100000003,,2024-02-27T14:30:00,72750,3,SILVER 27FEB2024 CE 72750,1,1,SILVER24FEB72750CE
NSECO,122070,2,SILVER,SILVER24APR75000PE,OPTBLN,SILVER-OPTBLN,4411700122070,6522,832,21,0.5,1,30,4100100000003,,2024-04-26T14:30:00,75000,4,SILVER 26APR2024 PE 75000,1,1,SILVER24APR75000PE
NSECO,122053,2,SILVER,SILVER24APR73000CE,OPTBLN,SILVER-OPTBLN,4411700122053,10257,1653,21,0.5,1,30,4100100000003,,2024-04-26T14:30:00,73000,3,SILVER 26APR2024 CE 73000,1,1,SILVER24APR73000CE
NSECO,122066,2,SILVER,SILVER24APR74500PE,OPTBLN,SILVER-OPTBLN,4411700122066,6172.5,720.5,21,0.5,1,30,4100100000003,,2024-04-26T14:30:00,74500,4,SILVER 26APR2024 PE 74500,1,1,SILVER24APR74500PE
NSECO,125115,2,SILVER,SILVER24APR71750CE,OPTBLN,SILVER-OPTBLN,4411700125115,11388.5,2207.5,21,0.5,1,30,4100100000003,,2024-04-26T14:30:00,71750,3,SILVER 26APR2024 CE 71750,1,1,SILVER24APR71750CE
NSECO,121895,2,SILVER,SILVER24APR78000PE,OPTBLN,SILVER-OPTBLN,4411700121895,8807.5,1684.5,21,0.5,1,30,4100100000003,,2024-04-26T14:30:00,78000,4,SILVER 26APR2024 PE 78000,1,1,SILVER24APR78000PE
NSECO,122083,2,SILVER,SILVER24APR76750CE,OPTBLN,SILVER-OPTBLN,4411700122083,7461,651,21,0.5,1,30,4100100000003,,2024-04-26T14:30:00,76750,3,SILVER 26APR2024 CE 76750,1,1,SILVER24APR76750CE
NSECO,121736,2,SILVER,SILVER24FEB78000CE,OPTBLN,SILVER-OPTBLN,4405800121736,4854,0.5,21,0.5,1,30,4100100000003,,2024-02-27T14:30:00,78000,3,SILVER 27FEB2024 CE 78000,1,1,SILVER24FEB78000CE
NSECO,121720,2,SILVER,SILVER24FEB73000PE,OPTBLN,SILVER-OPTBLN,4405800121720,4647.5,0.5,21,0.5,1,30,4100100000003,,2024-02-27T14:30:00,73000,4,SILVER 27FEB2024 PE 73000,1,1,SILVER24FEB73000PE
NSECO,122029,2,SILVER,SILVER24FEB78500CE,OPTBLN,SILVER-OPTBLN,4405800122029,4536.5,0.5,21,0.5,1,30,4100100000003,,2024-02-27T14:30:00,78500,3,SILVER 27FEB2024 CE 78500,1,1,SILVER24FEB78500CE
NSECO,123155,2,SILVER,SILVER24FEB78250CE,OPTBLN,SILVER-OPTBLN,4405800123155,4693.5,0.5,21,0.5,1,30,4100100000003,,2024-02-27T14:30:00,78250,3,SILVER 27FEB2024 CE 78250,1,1,SILVER24FEB78250CE
NSECO,121671,2,SILVER,SILVER24FEB72000CE,OPTBLN,SILVER-OPTBLN,4405800121671,9650,588,21,0.5,1,30,4100100000003,,2024-02-27T14:30:00,72000,3,SILVER 27FEB2024 CE 72000,1,1,SILVER24FEB72000CE
NSECO,122077,2,SILVER,SILVER24APR76000CE,OPTBLN,SILVER-OPTBLN,4411700122077,7981,811,21,0.5,1,30,4100100000003,,2024-04-26T14:30:00,76000,3,SILVER 26APR2024 CE 76000,1,1,SILVER24APR76000CE
NSECO,122079,2,SILVER,SILVER24APR76250CE,OPTBLN,SILVER-OPTBLN,4411700122079,7805.5,755.5,21,0.5,1,30,4100100000003,,2024-04-26T14:30:00,76250,3,SILVER 26APR2024 CE 76250,1,1,SILVER24APR76250CE
NSECO,121638,2,SILVER,SILVER24APR72250CE,OPTBLN,SILVER-OPTBLN,4411700121638,10871.5,1918.5,21,0.5,1,30,4100100000003,,2024-04-26T14:30:00,72250,3,SILVER 26APR2024 CE 72250,1,1,SILVER24APR72250CE
NSECO,121723,2,SILVER,SILVER24FEB73500CE,OPTBLN,SILVER-OPTBLN,4405800121723,8299,159,21,0.5,1,30,4100100000003,,2024-02-27T14:30:00,73500,3,SILVER 27FEB2024 CE 73500,1,1,SILVER24FEB73500CE
NSECO,121833,2,SILVER,SILVER24FEB68000PE,OPTBLN,SILVER-OPTBLN,4405800121833,1839,0.5,21,0.5,1,30,4100100000003,,2024-02-27T14:30:00,68000,4,SILVER 27FEB2024 PE 68000,1,1,SILVER24FEB68000PE
NSECO,121907,2,SILVER,SILVER24FEB64500PE,OPTBLN,SILVER-OPTBLN,4405800121907,763,0.5,21,0.5,1,30,4100100000003,,2024-02-27T14:30:00,64500,4,SILVER 27FEB2024 PE 64500,1,1,SILVER24FEB64500PE
NSECO,122352,2,SILVER,SILVER24FEB74250PE,OPTBLN,SILVER-OPTBLN,4405800122352,5580.5,0.5,21,0.5,1,30,4100100000003,,2024-02-27T14:30:00,74250,4,SILVER 27FEB2024 PE 74250,1,1,SILVER24FEB74250PE
NSECO,122360,2,SILVER,SILVER24FEB75250PE,OPTBLN,SILVER-OPTBLN,4405800122360,6384,70,21,0.5,1,30,4100100000003,,2024-02-27T14:30:00,75250,4,SILVER 27FEB2024 PE 75250,1,1,SILVER24FEB75250PE
NSECO,122432,2,SILVER,SILVER24FEB66500PE,OPTBLN,SILVER-OPTBLN,4405800122432,1295.5,0.5,21,0.5,1,30,4100100000003,,2024-02-27T14:30:00,66500,4,SILVER 27FEB2024 PE 66500,1,1,SILVER24FEB66500PE
NSECO,121821,2,SILVER,SILVER24FEB69250PE,OPTBLN,SILVER-OPTBLN,4405800121821,2396.5,0.5,21,0.5,1,30,4100100000003,,2024-02-27T14:30:00,69250,4,SILVER 27FEB2024 PE 69250,1,1,SILVER24FEB69250PE
NSECO,121639,2,SILVER,SILVER24FEB71250PE,OPTBLN,SILVER-OPTBLN,4405800121639,3489.5,0.5,21,0.5,1,30,4100100000003,,2024-02-27T14:30:00,71250,4,SILVER 27FEB2024 PE 71250,1,1,SILVER24FEB71250PE
NSECO,122085,2,SILVER,SILVER24APR77000CE,OPTBLN,SILVER-OPTBLN,4411700122085,7292.5,601.5,21,0.5,1,30,4100100000003,,2024-04-26T14:30:00,77000,3,SILVER 26APR2024 CE 77000,1,1,SILVER24APR77000CE
NSECO,123157,2,SILVER,SILVER24APR78250CE,OPTBLN,SILVER-OPTBLN,4411700123157,6484.5,383.5,21,0.5,1,30,4100100000003,,2024-04-26T14:30:00,78250,3,SILVER 26APR2024 CE 78250,1,1,SILVER24APR78250CE
NSECO,122151,2,SILVER,SILVER24FEB66000CE,OPTBLN,SILVER-OPTBLN,4405800122151,15602,3669,21,0.5,1,30,4100100000003,,2024-02-27T14:30:00,66000,3,SILVER 27FEB2024 CE 66000,1,1,SILVER24FEB66000CE
NSECO,122061,2,SILVER,SILVER24APR74000CE,OPTBLN,SILVER-OPTBLN,4411700122061,9465,1334,21,0.5,1,30,4100100000003,,2024-04-26T14:30:00,74000,3,SILVER 26APR2024 CE 74000,1,1,SILVER24APR74000CE
NSECO,122355,2,SILVER,SILVER24FEB74750CE,OPTBLN,SILVER-OPTBLN,4405800122355,7243,0.5,21,0.5,1,30,4100100000003,,2024-02-27T14:30:00,74750,3,SILVER 27FEB2024 CE 74750,1,1,SILVER24FEB74750CE
NSECO,121831,2,SILVER,SILVER24FEB67750PE,OPTBLN,SILVER-OPTBLN,4405800121831,1739,0.5,21,0.5,1,30,4100100000003,,2024-02-27T14:30:00,67750,4,SILVER 27FEB2024 PE 67750,1,1,SILVER24FEB67750PE
NSECO,121815,2,SILVER,SILVER24FEB68500PE,OPTBLN,SILVER-OPTBLN,4405800121815,2050.5,0.5,21,0.5,1,30,4100100000003,,2024-02-27T14:30:00,68500,4,SILVER 27FEB2024 PE 68500,1,1,SILVER24FEB68500PE
NSECO,122948,2,SILVER,SILVER24FEB78750CE,OPTBLN,SILVER-OPTBLN,4405800122948,4383,0.5,21,0.5,1,30,4100100000003,,2024-02-27T14:30:00,78750,3,SILVER 27FEB2024 CE 78750,1,1,SILVER24FEB78750CE
NSECO,122357,2,SILVER,SILVER24FEB75000CE,OPTBLN,SILVER-OPTBLN,4405800122357,7039,0.5,21,0.5,1,30,4100100000003,,2024-02-27T14:30:00,75000,3,SILVER 27FEB2024 CE 75000,1,1,SILVER24FEB75000CE
NSECO,121707,2,SILVER,SILVER24FEB77750PE,OPTBLN,SILVER-OPTBLN,4405800121707,8578,707,21,0.5,1,30,4100100000003,,2024-02-27T14:30:00,77750,4,SILVER 27FEB2024 PE 77750,1,1,SILVER24FEB77750PE
NSECO,122984,2,SILVER,SILVER24APR78500PE,OPTBLN,SILVER-OPTBLN,4411700122984,9216,1859,21,0.5,1,30,4100100000003,,2024-04-26T14:30:00,78500,4,SILVER 26APR2024 PE 78500,1,1,SILVER24APR78500PE
NSECO,122080,2,SILVER,SILVER24APR76250PE,OPTBLN,SILVER-OPTBLN,4411700122080,7438.5,1146.5,21,0.5,1,30,4100100000003,,2024-04-26T14:30:00,76250,4,SILVER 26APR2024 PE 76250,1,1,SILVER24APR76250PE
NSECO,124998,2,SILVER,SILVER24APR72000PE,OPTBLN,SILVER-OPTBLN,4411700124998,4564,289,21,0.5,1,30,4100100000003,,2024-04-26T14:30:00,72000,4,SILVER 26APR2024 PE 72000,1,1,SILVER24APR72000PE
NSECO,121827,2,SILVER,SILVER24FEB68250PE,OPTBLN,SILVER-OPTBLN,4405800121827,1943,0.5,21,0.5,1,30,4100100000003,,2024-02-27T14:30:00,68250,4,SILVER 27FEB2024 PE 68250,1,1,SILVER24FEB68250PE
NSECO,121817,2,SILVER,SILVER24FEB68750PE,OPTBLN,SILVER-OPTBLN,4405800121817,2162,0.5,21,0.5,1,30,4100100000003,,2024-02-27T14:30:00,68750,4,SILVER 27FEB2024 PE 68750,1,1,SILVER24FEB68750PE
NSECO,121908,2,SILVER,SILVER24FEB64750CE,OPTBLN,SILVER-OPTBLN,4405800121908,16883.5,4574.5,21,0.5,1,30,4100100000003,,2024-02-27T14:30:00,64750,3,SILVER 27FEB2024 CE 64750,1,1,SILVER24FEB64750CE
NSECO,122060,2,SILVER,SILVER24APR73750PE,OPTBLN,SILVER-OPTBLN,4411700122060,5663.5,570.5,21,0.5,1,30,4100100000003,,2024-04-26T14:30:00,73750,4,SILVER 26APR2024 PE 73750,1,1,SILVER24APR73750PE
NSECO,121674,2,SILVER,SILVER24FEB72000PE,OPTBLN,SILVER-OPTBLN,4405800121674,3963,0.5,21,0.5,1,30,4100100000003,,2024-02-27T14:30:00,72000,4,SILVER 27FEB2024 PE 72000,1,1,SILVER24FEB72000PE
NSECO,122081,2,SILVER,SILVER24APR76500CE,OPTBLN,SILVER-OPTBLN,4411700122081,7632,702,21,0.5,1,30,4100100000003,,2024-04-26T14:30:00,76500,3,SILVER 26APR2024 CE 76500,1,1,SILVER24APR76500CE
NSECO,122150,2,SILVER,SILVER24FEB65750PE,OPTBLN,SILVER-OPTBLN,4405800122150,1071.5,0.5,21,0.5,1,30,4100100000003,,2024-02-27T14:30:00,65750,4,SILVER 27FEB2024 PE 65750,1,1,SILVER24FEB65750PE
NSECO,122428,2,SILVER,SILVER24FEB70250CE,OPTBLN,SILVER-OPTBLN,4405800122428,11320.5,1260.5,21,0.5,1,30,4100100000003,,2024-02-27T14:30:00,70250,3,SILVER 27FEB2024 CE 70250,1,1,SILVER24FEB70250CE
NSECO,121891,2,SILVER,SILVER24APR78000CE,OPTBLN,SILVER-OPTBLN,4411700121891,6642,423,21,0.5,1,30,4100100000003,,2024-04-26T14:30:00,78000,3,SILVER 26APR2024 CE 78000,1,1,SILVER24APR78000CE
NSECO,121972,2,SILVER,SILVER24FEB65750CE,OPTBLN,SILVER-OPTBLN,4405800121972,15858,3844,21,0.5,1,30,4100100000003,,2024-02-27T14:30:00,65750,3,SILVER 27FEB2024 CE 65750,1,1,SILVER24FEB65750CE
NSECO,122068,2,SILVER,SILVER24APR74750PE,OPTBLN,SILVER-OPTBLN,4411700122068,6345.5,775.5,21,0.5,1,30,4100100000003,,2024-04-26T14:30:00,74750,4,SILVER 26APR2024 PE 74750,1,1,SILVER24APR74750PE
NSECO,121663,2,SILVER,SILVER24APR71500CE,OPTBLN,SILVER-OPTBLN,4411700121663,11599,2305,21,0.5,1,30,4100100000003,,2024-04-26T14:30:00,71500,3,SILVER 26APR2024 CE 71500,1,1,SILVER24APR71500CE
NSECO,122972,2,SILVER,SILVER24FEB79000CE,OPTBLN,SILVER-OPTBLN,4405800122972,4233.5,0.5,21,0.5,1,30,4100100000003,,2024-02-27T14:30:00,79000,3,SILVER 27FEB2024 CE 79000,1,1,SILVER24FEB79000CE
NSECO,122072,2,SILVER,SILVER24APR75250PE,OPTBLN,SILVER-OPTBLN,4411700122072,6702,890,21,0.5,1,30,4100100000003,,2024-04-26T14:30:00,75250,4,SILVER 26APR2024 PE 75250,1,1,SILVER24APR75250PE
NSECO,122086,2,SILVER,SILVER24APR77000PE,OPTBLN,SILVER-OPTBLN,4411700122086,8014,1363,21,0.5,1,30,4100100000003,,2024-04-26T14:30:00,77000,4,SILVER 26APR2024 PE 77000,1,1,SILVER24APR77000PE
NSECO,121680,2,SILVER,SILVER24FEB72250PE,OPTBLN,SILVER-OPTBLN,4405800121680,4129,0.5,21,0.5,1,30,4100100000003,,2024-02-27T14:30:00,72250,4,SILVER 27FEB2024 PE 72250,1,1,SILVER24FEB72250PE
NSECO,121829,2,SILVER,SILVER24FEB67500PE,OPTBLN,SILVER-OPTBLN,4405800121829,1643,0.5,21,0.5,1,30,4100100000003,,2024-02-27T14:30:00,67500,4,SILVER 27FEB2024 PE 67500,1,1,SILVER24FEB67500PE
NSECO,122054,2,SILVER,SILVER24APR73000PE,OPTBLN,SILVER-OPTBLN,4411700122054,5176.5,438.5,21,0.5,1,30,4100100000003,,2024-04-26T14:30:00,73000,4,SILVER 26APR2024 PE 73000,1,1,SILVER24APR73000PE
NSECO,122361,2,SILVER,SILVER24FEB75500CE,OPTBLN,SILVER-OPTBLN,4405800122361,6643.5,0.5,21,0.5,1,30,4100100000003,,2024-02-27T14:30:00,75500,3,SILVER 27FEB2024 CE 75500,1,1,SILVER24FEB75500CE
NSECO,121611,2,SILVER,SILVER24FEB77500CE,OPTBLN,SILVER-OPTBLN,4405800121611,5185,0.5,21,0.5,1,30,4100100000003,,2024-02-27T14:30:00,77500,3,SILVER 27FEB2024 CE 77500,1,1,SILVER24FEB77500CE
NSECO,122365,2,SILVER,SILVER24FEB76000CE,OPTBLN,SILVER-OPTBLN,4405800122365,6259.5,0.5,21,0.5,1,30,4100100000003,,2024-02-27T14:30:00,76000,3,SILVER 27FEB2024 CE 76000,1,1,SILVER24FEB76000CE
NSECO,121681,2,SILVER,SILVER24FEB72500CE,OPTBLN,SILVER-OPTBLN,4405800121681,9190,431,21,0.5,1,30,4100100000003,,2024-02-27T14:30:00,72500,3,SILVER 27FEB2024 CE 72500,1,1,SILVER24FEB72500CE
NSECO,121642,2,SILVER,SILVER24FEB76500CE,OPTBLN,SILVER-OPTBLN,4405800121642,5888.5,0.5,21,0.5,1,30,4100100000003,,2024-02-27T14:30:00,76500,3,SILVER 27FEB2024 CE 76500,1,1,SILVER24FEB76500CE
NSECO,122064,2,SILVER,SILVER24APR74250PE,OPTBLN,SILVER-OPTBLN,4411700122064,6000,668,21,0.5,1,30,4100100000003,,2024-04-26T14:30:00,74250,4,SILVER 26APR2024 PE 74250,1,1,SILVER24APR74250PE
NSECO,121915,2,SILVER,SILVER24FEB65000PE,OPTBLN,SILVER-OPTBLN,4405800121915,876.5,0.5,21,0.5,1,30,4100100000003,,2024-02-27T14:30:00,65000,4,SILVER 27FEB2024 PE 65000,1,1,SILVER24FEB65000PE
NSECO,121647,2,SILVER,SILVER24FEB77000PE,OPTBLN,SILVER-OPTBLN,4405800121647,7894.5,481.5,21,0.5,1,30,4100100000003,,2024-02-27T14:30:00,77000,4,SILVER 27FEB2024 PE 77000,1,1,SILVER24FEB77000PE
NSECO,121888,2,SILVER,SILVER24APR77500PE,OPTBLN,SILVER-OPTBLN,4411700121888,8406.5,1519.5,21,0.5,1,30,4100100000003,,2024-04-26T14:30:00,77500,4,SILVER 26APR2024 PE 77500,1,1,SILVER24APR77500PE
NSECO,123941,2,SILVER,SILVER24APR79000PE,OPTBLN,SILVER-OPTBLN,4411700123941,9630,2044,21,0.5,1,30,4100100000003,,2024-04-26T14:30:00,79000,4,SILVER 26APR2024 PE 79000,1,1,SILVER24APR79000PE
NSECO,122069,2,SILVER,SILVER24APR75000CE,OPTBLN,SILVER-OPTBLN,4411700122069,8706,1054,21,0.5,1,30,4100100000003,,2024-04-26T14:30:00,75000,3,SILVER 26APR2024 CE 75000,1,1,SILVER24APR75000CE
NSECO,122058,2,SILVER,SILVER24APR73500PE,OPTBLN,SILVER-OPTBLN,4411700122058,5498.5,524.5,21,0.5,1,30,4100100000003,,2024-04-26T14:30:00,73500,4,SILVER 26APR2024 PE 73500,1,1,SILVER24APR73500PE
NSECO,122356,2,SILVER,SILVER24FEB74750PE,OPTBLN,SILVER-OPTBLN,4405800122356,5976,0.5,21,0.5,1,30,4100100000003,,2024-02-27T14:30:00,74750,4,SILVER 27FEB2024 PE 74750,1,1,SILVER24FEB74750PE
NSECO,122368,2,SILVER,SILVER24FEB76250PE,OPTBLN,SILVER-OPTBLN,4405800122368,7232,286,21,0.5,1,30,4100100000003,,2024-02-27T14:30:00,76250,4,SILVER 27FEB2024 PE 76250,1,1,SILVER24FEB76250PE
NSECO,121819,2,SILVER,SILVER24FEB69000PE,OPTBLN,SILVER-OPTBLN,4405800121819,2277.5,0.5,21,0.5,1,30,4100100000003,,2024-02-27T14:30:00,69000,4,SILVER 27FEB2024 PE 69000,1,1,SILVER24FEB69000PE
NSECO,121644,2,SILVER,SILVER24FEB76750CE,OPTBLN,SILVER-OPTBLN,4405800121644,5707.5,0.5,21,0.5,1,30,4100100000003,,2024-02-27T14:30:00,76750,3,SILVER 27FEB2024 CE 76750,1,1,SILVER24FEB76750CE
NSECO,121740,2,SILVER,SILVER24FEB74000PE,OPTBLN,SILVER-OPTBLN,4405800121740,5387,0.5,21,0.5,1,30,4100100000003,,2024-02-27T14:30:00,74000,4,SILVER 27FEB2024 PE 74000,1,1,SILVER24FEB74000PE
NSECO,122366,2,SILVER,SILVER24FEB76000PE,OPTBLN,SILVER-OPTBLN,4405800122366,7016,227,21,0.5,1,30,4100100000003,,2024-02-27T14:30:00,76000,4,SILVER 27FEB2024 PE 76000,1,1,SILVER24FEB76000PE
NSECO,121822,2,SILVER,SILVER24FEB69500CE,OPTBLN,SILVER-OPTBLN,4405800121822,12056.5,1603.5,21,0.5,1,30,4100100000003,,2024-02-27T14:30:00,69500,3,SILVER 27FEB2024 CE 69500,1,1,SILVER24FEB69500CE
NSECO,121721,2,SILVER,SILVER24FEB73250CE,OPTBLN,SILVER-OPTBLN,4405800121721,8518,222,21,0.5,1,30,4100100000003,,2024-02-27T14:30:00,73250,3,SILVER 27FEB2024 CE 73250,1,1,SILVER24FEB73250CE
NSECO,122240,2,SILVER,SILVER24APR71500PE,OPTBLN,SILVER-OPTBLN,4411700122240,4370.5,322.5,21,0.5,1,30,4100100000003,,2024-04-26T14:30:00,71500,4,SILVER 26APR2024 PE 71500,1,1,SILVER24APR71500PE
NSECO,121687,2,SILVER,SILVER24FEB72500PE,OPTBLN,SILVER-OPTBLN,4405800121687,4298,0.5,21,0.5,1,30,4100100000003,,2024-02-27T14:30:00,72500,4,SILVER 27FEB2024 PE 72500,1,1,SILVER24FEB72500PE
NSECO,121670,2,SILVER,SILVER24FEB71750PE,OPTBLN,SILVER-OPTBLN,4405800121670,3801.5,0.5,21,0.5,1,30,4100100000003,,2024-02-27T14:30:00,71750,4,SILVER 27FEB2024 PE 71750,1,1,SILVER24FEB71750PE
NSECO,123158,2,SILVER,SILVER24APR78250PE,OPTBLN,SILVER-OPTBLN,4411700123158,9011.5,1770.5,21,0.5,1,30,4100100000003,,2024-04-26T14:30:00,78250,4,SILVER 26APR2024 PE 78250,1,1,SILVER24APR78250PE
NSECO,121724,2,SILVER,SILVER24FEB73500PE,OPTBLN,SILVER-OPTBLN,4405800121724,5010,0.5,21,0.5,1,30,4100100000003,,2024-02-27T14:30:00,73500,4,SILVER 27FEB2024 PE 73500,1,1,SILVER24FEB73500PE
NSECO,122050,2,SILVER,SILVER24APR72500PE,OPTBLN,SILVER-OPTBLN,4411700122050,4865.5,359.5,21,0.5,1,30,4100100000003,,2024-04-26T14:30:00,72500,4,SILVER 26APR2024 PE 72500,1,1,SILVER24APR72500PE
NSECO,121890,2,SILVER,SILVER24APR77750PE,OPTBLN,SILVER-OPTBLN,4411700121890,8606.5,1600.5,21,0.5,1,30,4100100000003,,2024-04-26T14:30:00,77750,4,SILVER 26APR2024 PE 77750,1,1,SILVER24APR77750PE
NSECO,121675,2,SILVER,SILVER24FEB72250CE,OPTBLN,SILVER-OPTBLN,4405800121675,9418.5,507.5,21,0.5,1,30,4100100000003,,2024-02-27T14:30:00,72250,3,SILVER 27FEB2024 CE 72250,1,1,SILVER24FEB72250CE
NSECO,122980,2,SILVER,SILVER24APR78500CE,OPTBLN,SILVER-OPTBLN,4411700122980,6330,345,21,0.5,1,30,4100100000003,,2024-04-26T14:30:00,78500,3,SILVER 26APR2024 CE 78500,1,1,SILVER24APR78500CE
NSECO,122353,2,SILVER,SILVER24FEB74500CE,OPTBLN,SILVER-OPTBLN,4405800122353,7448,0.5,21,0.5,1,30,4100100000003,,2024-02-27T14:30:00,74500,3,SILVER 27FEB2024 CE 74500,1,1,SILVER24FEB74500CE
NSECO,122429,2,SILVER,SILVER24FEB70250PE,OPTBLN,SILVER-OPTBLN,4405800122429,2914.5,0.5,21,0.5,1,30,4100100000003,,2024-02-27T14:30:00,70250,4,SILVER 27FEB2024 PE 70250,1,1,SILVER24FEB70250PE
NSECO,122976,2,SILVER,SILVER24FEB79000PE,OPTBLN,SILVER-OPTBLN,4405800122976,9754,1152,21,0.5,1,30,4100100000003,,2024-02-27T14:30:00,79000,4,SILVER 27FEB2024 PE 79000,1,1,SILVER24FEB79000PE
NSECO,122425,2,SILVER,SILVER24FEB69750PE,OPTBLN,SILVER-OPTBLN,4405800122425,2649,0.5,21,0.5,1,30,4100100000003,,2024-02-27T14:30:00,69750,4,SILVER 27FEB2024 PE 69750,1,1,SILVER24FEB69750PE
NSECO,121694,2,SILVER,SILVER24FEB72750PE,OPTBLN,SILVER-OPTBLN,4405800121694,4471.5,0.5,21,0.5,1,30,4100100000003,,2024-02-27T14:30:00,72750,4,SILVER 27FEB2024 PE 72750,1,1,SILVER24FEB72750PE
NSECO,122057,2,SILVER,SILVER24APR73500CE,OPTBLN,SILVER-OPTBLN,4411700122057,9857,1489,21,0.5,1,30,4100100000003,,2024-04-26T14:30:00,73500,3,SILVER 26APR2024 CE 73500,1,1,SILVER24APR73500CE
NSECO,122048,2,SILVER,SILVER24APR72250PE,OPTBLN,SILVER-OPTBLN,4411700122048,4713.5,323.5,21,0.5,1,30,4100100000003,,2024-04-26T14:30:00,72250,4,SILVER 26APR2024 PE 72250,1,1,SILVER24APR72250PE
NSECO,121645,2,SILVER,SILVER24FEB76750PE,OPTBLN,SILVER-OPTBLN,4405800121645,7671.5,413.5,21,0.5,1,30,4100100000003,,2024-02-27T14:30:00,76750,4,SILVER 27FEB2024 PE 76750,1,1,SILVER24FEB76750PE
NSECO,122942,2,SILVER,SILVER24FEB78500PE,OPTBLN,SILVER-OPTBLN,4405800122942,9278.5,963.5,21,0.5,1,30,4100100000003,,2024-02-27T14:30:00,78500,4,SILVER 27FEB2024 PE 78500,1,1,SILVER24FEB78500PE
NSECO,122087,2,SILVER,SILVER24APR77250CE,OPTBLN,SILVER-OPTBLN,4411700122087,7126,554,21,0.5,1,30,4100100000003,,2024-04-26T14:30:00,77250,3,SILVER 26APR2024 CE 77250,1,1,SILVER24APR77250CE
NSECO,122073,2,SILVER,SILVER24APR75500CE,OPTBLN,SILVER-OPTBLN,4411700122073,8338.5,928.5,21,0.5,1,30,4100100000003,,2024-04-26T14:30:00,75500,3,SILVER 26APR2024 CE 75500,1,1,SILVER24APR75500CE
NSECO,122231,2,SILVER,SILVER24FEB66500CE,OPTBLN,SILVER-OPTBLN,4405800122231,15090,3330,21,0.5,1,30,4100100000003,,2024-02-27T14:30:00,66500,3,SILVER 27FEB2024 CE 66500,1,1,SILVER24FEB66500CE
NSECO,122359,2,SILVER,SILVER24FEB75250CE,OPTBLN,SILVER-OPTBLN,4405800122359,6840,0.5,21,0.5,1,30,4100100000003,,2024-02-27T14:30:00,75250,3,SILVER 27FEB2024 CE 75250,1,1,SILVER24FEB75250CE
NSECO,121969,2,SILVER,SILVER24FEB65250PE,OPTBLN,SILVER-OPTBLN,4405800121969,938.5,0.5,21,0.5,1,30,4100100000003,,2024-02-27T14:30:00,65250,4,SILVER 27FEB2024 PE 65250,1,1,SILVER24FEB65250PE
NSECO,122427,2,SILVER,SILVER24FEB70000PE,OPTBLN,SILVER-OPTBLN,4405800122427,2779.5,0.5,21,0.5,1,30,4100100000003,,2024-02-27T14:30:00,70000,4,SILVER 27FEB2024 PE 70000,1,1,SILVER24FEB70000PE
NSECO,122055,2,SILVER,SILVER24APR73250CE,OPTBLN,SILVER-OPTBLN,4411700122055,10056,1570,21,0.5,1,30,4100100000003,,2024-04-26T14:30:00,73250,3,SILVER 26APR2024 CE 73250,1,1,SILVER24APR73250CE
NSECO,122063,2,SILVER,SILVER24APR74250CE,OPTBLN,SILVER-OPTBLN,4411700122063,9272,1261,21,0.5,1,30,4100100000003,,2024-04-26T14:30:00,74250,3,SILVER 26APR2024 CE 74250,1,1,SILVER24APR74250CE
NSECO,121659,2,SILVER,SILVER24FEB71500CE,OPTBLN,SILVER-OPTBLN,4405800121659,10117,760,21,0.5,1,30,4100100000003,,2024-02-27T14:30:00,71500,3,SILVER 27FEB2024 CE 71500,1,1,SILVER24FEB71500CE
NSECO,125116,2,SILVER,SILVER24APR71750PE,OPTBLN,SILVER-OPTBLN,4411700125116,4516,354,21,0.5,1,30,4100100000003,,2024-04-26T14:30:00,71750,4,SILVER 26APR2024 PE 71750,1,1,SILVER24APR71750PE
NSECO,122229,2,SILVER,SILVER24FEB66250CE,OPTBLN,SILVER-OPTBLN,4405800122229,15346,3498,21,0.5,1,30,4100100000003,,2024-02-27T14:30:00,66250,3,SILVER 27FEB2024 CE 66250,1,1,SILVER24FEB66250CE
NSECO,122051,2,SILVER,SILVER24APR72750CE,OPTBLN,SILVER-OPTBLN,4411700122051,10459.5,1739.5,21,0.5,1,30,4100100000003,,2024-04-26T14:30:00,72750,3,SILVER 26APR2024 CE 72750,1,1,SILVER24APR72750CE
NSECO,122076,2,SILVER,SILVER24APR75750PE,OPTBLN,SILVER-OPTBLN,4411700122076,7065.5,1013.5,21,0.5,1,30,4100100000003,,2024-04-26T14:30:00,75750,4,SILVER 26APR2024 PE 75750,1,1,SILVER24APR75750PE
NSECO,122364,2,SILVER,SILVER24FEB75750PE,OPTBLN,SILVER-OPTBLN,4405800122364,6802.5,171.5,21,0.5,1,30,4100100000003,,2024-02-27T14:30:00,75750,4,SILVER 27FEB2024 PE 75750,1,1,SILVER24FEB75750PE
NSECO,121911,2,SILVER,SILVER24FEB65000CE,OPTBLN,SILVER-OPTBLN,4405800121911,16627,4387,21,0.5,1,30,4100100000003,,2024-02-27T14:30:00,65000,3,SILVER 27FEB2024 CE 65000,1,1,SILVER24FEB65000CE
NSECO,121830,2,SILVER,SILVER24FEB67750CE,OPTBLN,SILVER-OPTBLN,4405800121830,13815.5,2544.5,21,0.5,1,30,4100100000003,,2024-02-27T14:30:00,67750,3,SILVER 27FEB2024 CE 67750,1,1,SILVER24FEB67750CE
NSECO,122049,2,SILVER,SILVER24APR72500CE,OPTBLN,SILVER-OPTBLN,4411700122049,10664,1828,21,0.5,1,30,4100100000003,,2024-04-26T14:30:00,72500,3,SILVER 26APR2024 CE 72500,1,1,SILVER24APR72500CE
NSECO,122067,2,SILVER,SILVER24APR74750CE,OPTBLN,SILVER-OPTBLN,4411700122067,8892.5,1120.5,21,0.5,1,30,4100100000003,,2024-04-26T14:30:00,74750,3,SILVER 26APR2024 CE 74750,1,1,SILVER24APR74750CE
NSECO,122431,2,SILVER,SILVER24FEB70500PE,OPTBLN,SILVER-OPTBLN,4405800122431,3050,0.5,21,0.5,1,30,4100100000003,,2024-02-27T14:30:00,70500,4,SILVER 27FEB2024 PE 70500,1,1,SILVER24FEB70500PE
NSECO,121668,2,SILVER,SILVER24FEB71500PE,OPTBLN,SILVER-OPTBLN,4405800121668,3643.5,0.5,21,0.5,1,30,4100100000003,,2024-02-27T14:30:00,71500,4,SILVER 27FEB2024 PE 71500,1,1,SILVER24FEB71500PE
NSECO,123156,2,SILVER,SILVER24FEB78250PE,OPTBLN,SILVER-OPTBLN,4405800123156,9043,875,21,0.5,1,30,4100100000003,,2024-02-27T14:30:00,78250,4,SILVER 27FEB2024 PE 78250,1,1,SILVER24FEB78250PE
NSECO,122968,2,SILVER,SILVER24FEB78750PE,OPTBLN,SILVER-OPTBLN,4405800122968,9515,1056,21,0.5,1,30,4100100000003,,2024-02-27T14:30:00,78750,4,SILVER 27FEB2024 PE 78750,1,1,SILVER24FEB78750PE
NSECO,121971,2,SILVER,SILVER24FEB65500PE,OPTBLN,SILVER-OPTBLN,4405800121971,1003,0.5,21,0.5,1,30,4100100000003,,2024-02-27T14:30:00,65500,4,SILVER 27FEB2024 PE 65500,1,1,SILVER24FEB65500PE
NSECO,121820,2,SILVER,SILVER24FEB69250CE,OPTBLN,SILVER-OPTBLN,4405800121820,12305,1726,21,0.5,1,30,4100100000003,,2024-02-27T14:30:00,69250,3,SILVER 27FEB2024 CE 69250,1,1,SILVER24FEB69250CE
NSECO,121612,2,SILVER,SILVER24FEB77500PE,OPTBLN,SILVER-OPTBLN,4405800121612,8348.5,628.5,21,0.5,1,30,4100100000003,,2024-02-27T14:30:00,77500,4,SILVER 27FEB2024 PE 77500,1,1,SILVER24FEB77500PE
NSECO,121719,2,SILVER,SILVER24FEB73000CE,OPTBLN,SILVER-OPTBLN,4405800121719,8739.5,288.5,21,0.5,1,30,4100100000003,,2024-02-27T14:30:00,73000,3,SILVER 27FEB2024 CE 73000,1,1,SILVER24FEB73000CE
NSECO,124997,2,SILVER,SILVER24APR72000CE,OPTBLN,SILVER-OPTBLN,4411700124997,11079.5,2012.5,21,0.5,1,30,4100100000003,,2024-04-26T14:30:00,72000,3,SILVER 26APR2024 CE 72000,1,1,SILVER24APR72000CE
NSECO,121643,2,SILVER,SILVER24FEB76500PE,OPTBLN,SILVER-OPTBLN,4405800121643,7450,348,21,0.5,1,30,4100100000003,,2024-02-27T14:30:00,76500,4,SILVER 27FEB2024 PE 76500,1,1,SILVER24FEB76500PE
NSECO,121818,2,SILVER,SILVER24FEB69000CE,OPTBLN,SILVER-OPTBLN,4405800121818,12555,1853,21,0.5,1,30,4100100000003,,2024-02-27T14:30:00,69000,3,SILVER 27FEB2024 CE 69000,1,1,SILVER24FEB69000CE
NSECO,122230,2,SILVER,SILVER24FEB66250PE,OPTBLN,SILVER-OPTBLN,4405800122230,1217.5,0.5,21,0.5,1,30,4100100000003,,2024-02-27T14:30:00,66250,4,SILVER 27FEB2024 PE 66250,1,1,SILVER24FEB66250PE
NSECO,122358,2,SILVER,SILVER24FEB75000PE,OPTBLN,SILVER-OPTBLN,4405800122358,6178.5,23.5,21,0.5,1,30,4100100000003,,2024-02-27T14:30:00,75000,4,SILVER 27FEB2024 PE 75000,1,1,SILVER24FEB75000PE
NSECO,121832,2,SILVER,SILVER24FEB68000CE,OPTBLN,SILVER-OPTBLN,4405800121832,13561.5,2398.5,21,0.5,1,30,4100100000003,,2024-02-27T14:30:00,68000,3,SILVER 27FEB2024 CE 68000,1,1,SILVER24FEB68000CE
NSECO,121906,2,SILVER,SILVER24FEB64500CE,OPTBLN,SILVER-OPTBLN,4405800121906,17139.5,4764.5,21,0.5,1,30,4100100000003,,2024-02-27T14:30:00,64500,3,SILVER 27FEB2024 CE 64500,1,1,SILVER24FEB64500CE
NSECO,122424,2,SILVER,SILVER24FEB69750CE,OPTBLN,SILVER-OPTBLN,4405800122424,11812,1487,21,0.5,1,30,4100100000003,,2024-02-27T14:30:00,69750,3,SILVER 27FEB2024 CE 69750,1,1,SILVER24FEB69750CE
NSECO,121722,2,SILVER,SILVER24FEB73250PE,OPTBLN,SILVER-OPTBLN,4405800121722,4827,0.5,21,0.5,1,30,4100100000003,,2024-02-27T14:30:00,73250,4,SILVER 27FEB2024 PE 73250,1,1,SILVER24FEB73250PE
NSECO,121651,2,SILVER,SILVER24FEB77250PE,OPTBLN,SILVER-OPTBLN,4405800121651,8121,553,21,0.5,1,30,4100100000003,,2024-02-27T14:30:00,77250,4,SILVER 27FEB2024 PE 77250,1,1,SILVER24FEB77250PE
NSECO,122059,2,SILVER,SILVER24APR73750CE,OPTBLN,SILVER-OPTBLN,4411700122059,9659.5,1410.5,21,0.5,1,30,4100100000003,,2024-04-26T14:30:00,73750,3,SILVER 26APR2024 CE 73750,1,1,SILVER24APR73750CE
NSECO,121654,2,SILVER,SILVER24FEB71000CE,OPTBLN,SILVER-OPTBLN,4405800121654,10592,947,21,0.5,1,30,4100100000003,,2024-02-27T14:30:00,71000,3,SILVER 27FEB2024 CE 71000,1,1,SILVER24FEB71000CE
NSECO,121970,2,SILVER,SILVER24FEB65500CE,OPTBLN,SILVER-OPTBLN,4405800121970,16114.5,4021.5,21,0.5,1,30,4100100000003,,2024-02-27T14:30:00,65500,3,SILVER 27FEB2024 CE 65500,1,1,SILVER24FEB65500CE
NSECO,121916,2,SILVER,SILVER24FEB65250CE,OPTBLN,SILVER-OPTBLN,4405800121916,16370.5,4202.5,21,0.5,1,30,4100100000003,,2024-02-27T14:30:00,65250,3,SILVER 27FEB2024 CE 65250,1,1,SILVER24FEB65250CE
NSECO,121706,2,SILVER,SILVER24FEB77750CE,OPTBLN,SILVER-OPTBLN,4405800121706,5018,0.5,21,0.5,1,30,4100100000003,,2024-02-27T14:30:00,77750,3,SILVER 27FEB2024 CE 77750,1,1,SILVER24FEB77750CE
NSECO,122992,2,SILVER,SILVER24APR78750PE,OPTBLN,SILVER-OPTBLN,4411700122992,9422.5,1950.5,21,0.5,1,30,4100100000003,,2024-04-26T14:30:00,78750,4,SILVER 26APR2024 PE 78750,1,1,SILVER24APR78750PE
NSECO,122988,2,SILVER,SILVER24APR78750CE,OPTBLN,SILVER-OPTBLN,4411700122988,6179,308,21,0.5,1,30,4100100000003,,2024-04-26T14:30:00,78750,3,SILVER 26APR2024 CE 78750,1,1,SILVER24APR78750CE
NSECO,121646,2,SILVER,SILVER24FEB77000CE,OPTBLN,SILVER-OPTBLN,4405800121646,5530,0.5,21,0.5,1,30,4100100000003,,2024-02-27T14:30:00,77000,3,SILVER 27FEB2024 CE 77000,1,1,SILVER24FEB77000CE
NSECO,122056,2,SILVER,SILVER24APR73250PE,OPTBLN,SILVER-OPTBLN,4411700122056,5337,480,21,0.5,1,30,4100100000003,,2024-04-26T14:30:00,73250,4,SILVER 26APR2024 PE 73250,1,1,SILVER24APR73250PE
NSECO,122436,2,SILVER,SILVER24FEB67000PE,OPTBLN,SILVER-OPTBLN,4405800122436,1462,0.5,21,0.5,1,30,4100100000003,,2024-02-27T14:30:00,67000,4,SILVER 27FEB2024 PE 67000,1,1,SILVER24FEB67000PE
NSECO,121800,2,SILVER,SILVER24FEB78000PE,OPTBLN,SILVER-OPTBLN,4405800121800,8809.5,789.5,21,0.5,1,30,4100100000003,,2024-02-27T14:30:00,78000,4,SILVER 27FEB2024 PE 78000,1,1,SILVER24FEB78000PE
NSECO,121816,2,SILVER,SILVER24FEB68750CE,OPTBLN,SILVER-OPTBLN,4405800121816,12805.5,1983.5,21,0.5,1,30,4100100000003,,2024-02-27T14:30:00,68750,3,SILVER 27FEB2024 CE 68750,1,1,SILVER24FEB68750CE
NSECO,122435,2,SILVER,SILVER24FEB67000CE,OPTBLN,SILVER-OPTBLN,4405800122435,14579,3005,21,0.5,1,30,4100100000003,,2024-02-27T14:30:00,67000,3,SILVER 27FEB2024 CE 67000,1,1,SILVER24FEB67000CE
NSECO,121652,2,SILVER,SILVER24FEB70750CE,OPTBLN,SILVER-OPTBLN,4405800121652,10832,1047,21,0.5,1,30,4100100000003,,2024-02-27T14:30:00,70750,3,SILVER 27FEB2024 CE 70750,1,1,SILVER24FEB70750CE
NSECO,122433,2,SILVER,SILVER24FEB66750CE,OPTBLN,SILVER-OPTBLN,4405800122433,14834.5,3165.5,21,0.5,1,30,4100100000003,,2024-02-27T14:30:00,66750,3,SILVER 27FEB2024 CE 66750,1,1,SILVER24FEB66750CE
NSECO,122074,2,SILVER,SILVER24APR75500PE,OPTBLN,SILVER-OPTBLN,4411700122074,6882.5,950.5,21,0.5,1,30,4100100000003,,2024-04-26T14:30:00,75500,4,SILVER 26APR2024 PE 75500,1,1,SILVER24APR75500PE
NSECO,121653,2,SILVER,SILVER24FEB70750PE,OPTBLN,SILVER-OPTBLN,4405800121653,3192.5,0.5,21,0.5,1,30,4100100000003,,2024-02-27T14:30:00,70750,4,SILVER 27FEB2024 PE 70750,1,1,SILVER24FEB70750PE
NSECO,121669,2,SILVER,SILVER24FEB71750CE,OPTBLN,SILVER-OPTBLN,4405800121669,9882,672,21,0.5,1,30,4100100000003,,2024-02-27T14:30:00,71750,3,SILVER 27FEB2024 CE 71750,1,1,SILVER24FEB71750CE
NSECO,121823,2,SILVER,SILVER24FEB69500PE,OPTBLN,SILVER-OPTBLN,4405800121823,2519.5,0.5,21,0.5,1,30,4100100000003,,2024-02-27T14:30:00,69500,4,SILVER 27FEB2024 PE 69500,1,1,SILVER24FEB69500PE
NSECO,122354,2,SILVER,SILVER24FEB74500PE,OPTBLN,SILVER-OPTBLN,4405800122354,5776.5,0.5,21,0.5,1,30,4100100000003,,2024-02-27T14:30:00,74500,4,SILVER 27FEB2024 PE 74500,1,1,SILVER24FEB74500PE
NSECO,121889,2,SILVER,SILVER24APR77750CE,OPTBLN,SILVER-OPTBLN,4411700121889,6801,465,21,0.5,1,30,4100100000003,,2024-04-26T14:30:00,77750,3,SILVER 26APR2024 CE 77750,1,1,SILVER24APR77750CE
NSECO,122363,2,SILVER,SILVER24FEB75750CE,OPTBLN,SILVER-OPTBLN,4405800122363,6449.5,0.5,21,0.5,1,30,4100100000003,,2024-02-27T14:30:00,75750,3,SILVER 27FEB2024 CE 75750,1,1,SILVER24FEB75750CE
NSECO,121655,2,SILVER,SILVER24FEB71000PE,OPTBLN,SILVER-OPTBLN,4405800121655,3339,0.5,21,0.5,1,30,4100100000003,,2024-02-27T14:30:00,71000,4,SILVER 27FEB2024 PE 71000,1,1,SILVER24FEB71000PE
NSECO,121828,2,SILVER,SILVER24FEB67500CE,OPTBLN,SILVER-OPTBLN,4405800121828,14069.5,2694.5,21,0.5,1,30,4100100000003,,2024-02-27T14:30:00,67500,3,SILVER 27FEB2024 CE 67500,1,1,SILVER24FEB67500CE
NSECO,122078,2,SILVER,SILVER24APR76000PE,OPTBLN,SILVER-OPTBLN,4411700122078,7251,1079,21,0.5,1,30,4100100000003,,2024-04-26T14:30:00,76000,4,SILVER 26APR2024 PE 76000,1,1,SILVER24APR76000PE
NSECO,122367,2,SILVER,SILVER24FEB76250CE,OPTBLN,SILVER-OPTBLN,4405800122367,6072,0.5,21,0.5,1,30,4100100000003,,2024-02-27T14:30:00,76250,3,SILVER 27FEB2024 CE 76250,1,1,SILVER24FEB76250CE
NSECO,122065,2,SILVER,SILVER24APR74500CE,OPTBLN,SILVER-OPTBLN,4411700122065,9081,1190,21,0.5,1,30,4100100000003,,2024-04-26T14:30:00,74500,3,SILVER 26APR2024 CE 74500,1,1,SILVER24APR74500CE
NSECO,122052,2,SILVER,SILVER24APR72750PE,OPTBLN,SILVER-OPTBLN,4411700122052,5020,398,21,0.5,1,30,4100100000003,,2024-04-26T14:30:00,72750,4,SILVER 26APR2024 PE 72750,1,1,SILVER24APR72750PE
NSECO,122437,2,SILVER,SILVER24FEB67250CE,OPTBLN,SILVER-OPTBLN,4405800122437,14324.5,2847.5,21,0.5,1,30,4100100000003,,2024-02-27T14:30:00,67250,3,SILVER 27FEB2024 CE 67250,1,1,SILVER24FEB67250CE